 {
     "tokenizer_size":101403,
     "tokenizer_lowercase":false,
     "max_length":70,
     "use_glove":false,
     "glove_source":"wiki",
     "glove_size":200,
     "glove_trainable":true,
     "embedding_output":162,
     "lstm_cells":38,
     "lstm_dropout":0.06702552047072481,
     "dropout_1":0.014450472950584159,
     "dense_units":224,
     "dropout_2":0.12137654683339494,
     "dense_use_2":false,
     "dense_units_2":332,
     "dropout_3":0.10532641275821647,
     "dense_use_3":false,
     "dense_units_3":448,
     "dropout_4":0.20980377197869582,
     "optimizer_lr":0.0008498655580115007,
     "batch_size":77
 }
